<?xml version="1.0" encoding="UTF-8"?>
<project-private xmlns="http://www.netbeans.org/ns/project-private/1">
    <editor-bookmarks xmlns="http://www.netbeans.org/ns/editor-bookmarks/2" lastBookmarkId="0"/>
    <open-files xmlns="http://www.netbeans.org/ns/projectui-open-files/2">
        <group>
            <file>file:/Users/rohithputha/Desktop/AtmaNirbar/src/block.java</file>
            <file>file:/Users/rohithputha/Desktop/AtmaNirbar/src/medInfo.java</file>
            <file>file:/Users/rohithputha/Desktop/AtmaNirbar/src/userBarcode.java</file>
            <file>file:/Users/rohithputha/Desktop/AtmaNirbar/src/pharmacy.java</file>
            <file>file:/Users/rohithputha/Desktop/AtmaNirbar/src/control.java</file>
            <file>file:/Users/rohithputha/Desktop/AtmaNirbar/src/wholeSaler.java</file>
            <file>file:/Users/rohithputha/Desktop/AtmaNirbar/src/dialogbox.java</file>
            <file>file:/Users/rohithputha/Desktop/AtmaNirbar/src/dataReading1.java</file>
        </group>
    </open-files>
</project-private>
